{"cameraMode":{"drawMode":0,"name":"Shaded","section":"Shading Mode"},"sceneLighting":false,"audioPlay":false,"sceneViewState":{"showFog":true,"showMaterialUpdate":false,"showSkybox":false,"showFlares":true,"showImageEffects":true,"showParticleSystems":true},"in2DMode":false,"pivot":{"x":-0.000002294778823852539,"y":-0.09093371778726578,"z":0.3749963939189911},"rotation":{"x":0.055766649544239047,"y":-0.5611429214477539,"z":-0.03793191909790039,"w":-0.824966549873352},"size":2.4088122844696047,"orthographic":false}