{"cameraMode":{"drawMode":0,"name":"Shaded","section":"Shading Mode"},"sceneLighting":false,"audioPlay":false,"sceneViewState":{"showFog":true,"showMaterialUpdate":false,"showSkybox":false,"showFlares":true,"showImageEffects":true,"showParticleSystems":true},"in2DMode":false,"pivot":{"x":0.0005224421620368958,"y":-0.014196380972862244,"z":0.006375044584274292},"rotation":{"x":0.11574762314558029,"y":0.29449930787086489,"z":-0.035960227251052859,"w":0.9479343891143799},"size":0.5587581992149353,"orthographic":false}