{"cameraMode":{"drawMode":0,"name":"Shaded","section":"Shading Mode"},"sceneLighting":false,"audioPlay":false,"sceneViewState":{"showFog":true,"showMaterialUpdate":false,"showSkybox":false,"showFlares":true,"showImageEffects":true,"showParticleSystems":true},"in2DMode":false,"pivot":{"x":-0.28094974160194399,"y":-0.15732960402965547,"z":0.48836207389831545},"rotation":{"x":0.13757866621017457,"y":-0.36387595534324648,"z":0.05443710833787918,"w":0.9196211099624634},"size":0.29994285106658938,"orthographic":false}